{"cameraMode":{"drawMode":0,"name":"Shaded","section":"Shading Mode"},"sceneLighting":false,"audioPlay":false,"sceneViewState":{"m_AlwaysRefresh":false,"showFog":true,"showSkybox":false,"showFlares":true,"showImageEffects":true,"showParticleSystems":true,"showVisualEffectGraphs":true,"m_FxEnabled":true},"in2DMode":false,"pivot":{"x":-0.06079912185668945,"y":2.7719955444335939,"z":0.5781546831130981},"rotation":{"x":0.15387624502182008,"y":-0.47849059104919436,"z":0.08558916300535202,"w":0.8602628111839294},"size":2.715153455734253,"orthographic":false}